{
    "characterName": "aa",
    "Item_World": {
        "SD_equipments": [
            {
                "ItemData": {
                    "id": 1101001,
                    "count": 1,
                    "EquipmentType": 0,
                    "Level": 1,
                    "Xp": 0,
                    "NextXP": 0,
                    "Durability": 0.0,
                    "SD_staticOption": [],
                    "SD_dynamicOption": []
                },
                "Position": {
                    "x": -1.0958999395370484,
                    "y": 0.0833333358168602,
                    "z": 9.252228736877442
                }
            },
            {
                "ItemData": {
                    "id": 1101001,
                    "count": 1,
                    "EquipmentType": 0,
                    "Level": 1,
                    "Xp": 0,
                    "NextXP": 0,
                    "Durability": 0.0,
                    "SD_staticOption": [],
                    "SD_dynamicOption": []
                },
                "Position": {
                    "x": -1.1044766902923585,
                    "y": 0.0833333358168602,
                    "z": 10.085746765136719
                }
            },
            {
                "ItemData": {
                    "id": 1101001,
                    "count": 1,
                    "EquipmentType": 0,
                    "Level": 1,
                    "Xp": 0,
                    "NextXP": 0,
                    "Durability": 0.0,
                    "SD_staticOption": [],
                    "SD_dynamicOption": []
                },
                "Position": {
                    "x": 1.3938616514205933,
                    "y": 0.0833333358168602,
                    "z": 3.093672275543213
                }
            },
            {
                "ItemData": {
                    "id": 1101001,
                    "count": 1,
                    "EquipmentType": 0,
                    "Level": 1,
                    "Xp": 0,
                    "NextXP": 0,
                    "Durability": 0.0,
                    "SD_staticOption": [],
                    "SD_dynamicOption": []
                },
                "Position": {
                    "x": 1.5641107559204102,
                    "y": 0.0833333358168602,
                    "z": 2.9704506397247316
                }
            }
        ],
        "SD_etcs": []
    },
    "Item_Inventory": {
        "gridSizeX": 10,
        "gridSizeY": 6,
        "SD_equipments": [],
        "SD_etcs": []
    },
    "Item_Storage": {
        "gridSizeX": 10,
        "gridSizeY": 10,
        "SD_equipments": [],
        "SD_etcs": []
    },
    "equipableStirng": "{\"SD_equipments\":[]}",
    "vulnerableString": "{\"_HP\":6079.12646484375,\"_MP\":144.0}",
    "playerPosition": {
        "x": 8.47309684753418,
        "y": 0.0,
        "z": 3.866570472717285
    }
}